admission_cpu_ms,admitted_count,camera_uid,candidate_count,cuda_allocated_mib,cuda_reserved_mib,dropped_count,event,features_device,features_dtype,features_requires_grad,features_shape,fixed_budget,gaussian_after_extend,gaussian_before,init,kf_id,mode,opacities_device,opacities_dtype,opacities_requires_grad,opacities_shape,protected_init,reason,rotations_device,rotations_dtype,rotations_requires_grad,rotations_shape,scales_device,scales_dtype,scales_requires_grad,scales_shape,schema,selected_indices_count,selection,xyz_device,xyz_dtype,xyz_requires_grad,xyz_shape
0.262228,7055,0,7055,26.491,64.0,0,extend,cuda:0,torch.float32,False,"[7055, 3, 1]",600,7055,0,True,0,fixed_budget,cuda:0,torch.float32,False,"[7055, 1]",True,init_protected,cuda:0,torch.float32,False,"[7055, 4]",cuda:0,torch.float32,False,"[7055, 3]",1,0,deterministic_uniform,cuda:0,torch.float32,False,"[7055, 3]"
6.12066,600,1,769,26.238,64.0,169,extend,cuda:0,torch.float32,False,"[600, 3, 1]",600,7655,7055,False,1,fixed_budget,cuda:0,torch.float32,False,"[600, 1]",False,fixed_budget_applied,cuda:0,torch.float32,False,"[600, 4]",cuda:0,torch.float32,False,"[600, 3]",1,600,deterministic_uniform,cuda:0,torch.float32,False,"[600, 3]"
0.286604,600,2,822,26.287,64.0,222,extend,cuda:0,torch.float32,False,"[600, 3, 1]",600,8255,7655,False,2,fixed_budget,cuda:0,torch.float32,False,"[600, 1]",False,fixed_budget_applied,cuda:0,torch.float32,False,"[600, 4]",cuda:0,torch.float32,False,"[600, 3]",1,600,deterministic_uniform,cuda:0,torch.float32,False,"[600, 3]"
0.414442,600,3,890,26.336,64.0,290,extend,cuda:0,torch.float32,False,"[600, 3, 1]",600,8855,8255,False,3,fixed_budget,cuda:0,torch.float32,False,"[600, 1]",False,fixed_budget_applied,cuda:0,torch.float32,False,"[600, 4]",cuda:0,torch.float32,False,"[600, 3]",1,600,deterministic_uniform,cuda:0,torch.float32,False,"[600, 3]"
0.284932,600,4,924,26.382,64.0,324,extend,cuda:0,torch.float32,False,"[600, 3, 1]",600,9455,8855,False,4,fixed_budget,cuda:0,torch.float32,False,"[600, 1]",False,fixed_budget_applied,cuda:0,torch.float32,False,"[600, 4]",cuda:0,torch.float32,False,"[600, 3]",1,600,deterministic_uniform,cuda:0,torch.float32,False,"[600, 3]"
0.260947,600,5,937,26.429,64.0,337,extend,cuda:0,torch.float32,False,"[600, 3, 1]",600,10055,9455,False,5,fixed_budget,cuda:0,torch.float32,False,"[600, 1]",False,fixed_budget_applied,cuda:0,torch.float32,False,"[600, 4]",cuda:0,torch.float32,False,"[600, 3]",1,600,deterministic_uniform,cuda:0,torch.float32,False,"[600, 3]"
0.261657,600,6,919,26.475,64.0,319,extend,cuda:0,torch.float32,False,"[600, 3, 1]",600,10655,10055,False,6,fixed_budget,cuda:0,torch.float32,False,"[600, 1]",False,fixed_budget_applied,cuda:0,torch.float32,False,"[600, 4]",cuda:0,torch.float32,False,"[600, 3]",1,600,deterministic_uniform,cuda:0,torch.float32,False,"[600, 3]"
0.258662,600,7,856,26.516,64.0,256,extend,cuda:0,torch.float32,False,"[600, 3, 1]",600,11255,10655,False,7,fixed_budget,cuda:0,torch.float32,False,"[600, 1]",False,fixed_budget_applied,cuda:0,torch.float32,False,"[600, 4]",cuda:0,torch.float32,False,"[600, 3]",1,600,deterministic_uniform,cuda:0,torch.float32,False,"[600, 3]"
0.296422,600,8,879,26.563,64.0,279,extend,cuda:0,torch.float32,False,"[600, 3, 1]",600,11855,11255,False,8,fixed_budget,cuda:0,torch.float32,False,"[600, 1]",False,fixed_budget_applied,cuda:0,torch.float32,False,"[600, 4]",cuda:0,torch.float32,False,"[600, 3]",1,600,deterministic_uniform,cuda:0,torch.float32,False,"[600, 3]"
0.393843,600,9,873,26.61,64.0,273,extend,cuda:0,torch.float32,False,"[600, 3, 1]",600,12455,11855,False,9,fixed_budget,cuda:0,torch.float32,False,"[600, 1]",False,fixed_budget_applied,cuda:0,torch.float32,False,"[600, 4]",cuda:0,torch.float32,False,"[600, 3]",1,600,deterministic_uniform,cuda:0,torch.float32,False,"[600, 3]"
0.265204,600,10,919,26.655,64.0,319,extend,cuda:0,torch.float32,False,"[600, 3, 1]",600,13055,12455,False,10,fixed_budget,cuda:0,torch.float32,False,"[600, 1]",False,fixed_budget_applied,cuda:0,torch.float32,False,"[600, 4]",cuda:0,torch.float32,False,"[600, 3]",1,600,deterministic_uniform,cuda:0,torch.float32,False,"[600, 3]"
0.360272,600,11,903,36.154,518.0,303,extend,cuda:0,torch.float32,False,"[600, 3, 1]",600,13940,13340,False,11,fixed_budget,cuda:0,torch.float32,False,"[600, 1]",False,fixed_budget_applied,cuda:0,torch.float32,False,"[600, 4]",cuda:0,torch.float32,False,"[600, 3]",1,600,deterministic_uniform,cuda:0,torch.float32,False,"[600, 3]"
0.327489,600,12,896,36.263,518.0,296,extend,cuda:0,torch.float32,False,"[600, 3, 1]",600,14540,13940,False,12,fixed_budget,cuda:0,torch.float32,False,"[600, 1]",False,fixed_budget_applied,cuda:0,torch.float32,False,"[600, 4]",cuda:0,torch.float32,False,"[600, 3]",1,600,deterministic_uniform,cuda:0,torch.float32,False,"[600, 3]"
0.343029,600,13,893,36.375,518.0,293,extend,cuda:0,torch.float32,False,"[600, 3, 1]",600,15140,14540,False,13,fixed_budget,cuda:0,torch.float32,False,"[600, 1]",False,fixed_budget_applied,cuda:0,torch.float32,False,"[600, 4]",cuda:0,torch.float32,False,"[600, 3]",1,600,deterministic_uniform,cuda:0,torch.float32,False,"[600, 3]"
0.358558,600,14,959,36.484,518.0,359,extend,cuda:0,torch.float32,False,"[600, 3, 1]",600,15740,15140,False,14,fixed_budget,cuda:0,torch.float32,False,"[600, 1]",False,fixed_budget_applied,cuda:0,torch.float32,False,"[600, 4]",cuda:0,torch.float32,False,"[600, 3]",1,600,deterministic_uniform,cuda:0,torch.float32,False,"[600, 3]"
0.31185,600,15,995,36.598,518.0,395,extend,cuda:0,torch.float32,False,"[600, 3, 1]",600,16340,15740,False,15,fixed_budget,cuda:0,torch.float32,False,"[600, 1]",False,fixed_budget_applied,cuda:0,torch.float32,False,"[600, 4]",cuda:0,torch.float32,False,"[600, 3]",1,600,deterministic_uniform,cuda:0,torch.float32,False,"[600, 3]"
0.331658,600,16,877,54.61,730.0,277,extend,cuda:0,torch.float32,False,"[600, 3, 1]",600,19439,18839,False,16,fixed_budget,cuda:0,torch.float32,False,"[600, 1]",False,fixed_budget_applied,cuda:0,torch.float32,False,"[600, 4]",cuda:0,torch.float32,False,"[600, 3]",1,600,deterministic_uniform,cuda:0,torch.float32,False,"[600, 3]"
0.277677,600,17,768,54.714,730.0,168,extend,cuda:0,torch.float32,False,"[600, 3, 1]",600,20039,19439,False,17,fixed_budget,cuda:0,torch.float32,False,"[600, 1]",False,fixed_budget_applied,cuda:0,torch.float32,False,"[600, 4]",cuda:0,torch.float32,False,"[600, 3]",1,600,deterministic_uniform,cuda:0,torch.float32,False,"[600, 3]"
0.300881,600,18,773,54.827,730.0,173,extend,cuda:0,torch.float32,False,"[600, 3, 1]",600,20639,20039,False,18,fixed_budget,cuda:0,torch.float32,False,"[600, 1]",False,fixed_budget_applied,cuda:0,torch.float32,False,"[600, 4]",cuda:0,torch.float32,False,"[600, 3]",1,600,deterministic_uniform,cuda:0,torch.float32,False,"[600, 3]"
0.278789,600,19,802,54.934,730.0,202,extend,cuda:0,torch.float32,False,"[600, 3, 1]",600,21239,20639,False,19,fixed_budget,cuda:0,torch.float32,False,"[600, 1]",False,fixed_budget_applied,cuda:0,torch.float32,False,"[600, 4]",cuda:0,torch.float32,False,"[600, 3]",1,600,deterministic_uniform,cuda:0,torch.float32,False,"[600, 3]"
0.276825,600,20,824,55.047,730.0,224,extend,cuda:0,torch.float32,False,"[600, 3, 1]",600,21839,21239,False,20,fixed_budget,cuda:0,torch.float32,False,"[600, 1]",False,fixed_budget_applied,cuda:0,torch.float32,False,"[600, 4]",cuda:0,torch.float32,False,"[600, 3]",1,600,deterministic_uniform,cuda:0,torch.float32,False,"[600, 3]"
0.2636,600,21,755,55.154,730.0,155,extend,cuda:0,torch.float32,False,"[600, 3, 1]",600,22439,21839,False,21,fixed_budget,cuda:0,torch.float32,False,"[600, 1]",False,fixed_budget_applied,cuda:0,torch.float32,False,"[600, 4]",cuda:0,torch.float32,False,"[600, 3]",1,600,deterministic_uniform,cuda:0,torch.float32,False,"[600, 3]"
0.490234,600,22,615,55.252,730.0,15,extend,cuda:0,torch.float32,False,"[600, 3, 1]",600,23039,22439,False,22,fixed_budget,cuda:0,torch.float32,False,"[600, 1]",False,fixed_budget_applied,cuda:0,torch.float32,False,"[600, 4]",cuda:0,torch.float32,False,"[600, 3]",1,600,deterministic_uniform,cuda:0,torch.float32,False,"[600, 3]"
0.239686,600,23,797,55.377,730.0,197,extend,cuda:0,torch.float32,False,"[600, 3, 1]",600,23639,23039,False,23,fixed_budget,cuda:0,torch.float32,False,"[600, 1]",False,fixed_budget_applied,cuda:0,torch.float32,False,"[600, 4]",cuda:0,torch.float32,False,"[600, 3]",1,600,deterministic_uniform,cuda:0,torch.float32,False,"[600, 3]"
0.243303,600,24,789,55.489,730.0,189,extend,cuda:0,torch.float32,False,"[600, 3, 1]",600,24239,23639,False,24,fixed_budget,cuda:0,torch.float32,False,"[600, 1]",False,fixed_budget_applied,cuda:0,torch.float32,False,"[600, 4]",cuda:0,torch.float32,False,"[600, 3]",1,600,deterministic_uniform,cuda:0,torch.float32,False,"[600, 3]"
0.251207,600,25,773,55.6,730.0,173,extend,cuda:0,torch.float32,False,"[600, 3, 1]",600,24839,24239,False,25,fixed_budget,cuda:0,torch.float32,False,"[600, 1]",False,fixed_budget_applied,cuda:0,torch.float32,False,"[600, 4]",cuda:0,torch.float32,False,"[600, 3]",1,600,deterministic_uniform,cuda:0,torch.float32,False,"[600, 3]"
0.247341,600,26,915,55.712,730.0,315,extend,cuda:0,torch.float32,False,"[600, 3, 1]",600,25439,24839,False,26,fixed_budget,cuda:0,torch.float32,False,"[600, 1]",False,fixed_budget_applied,cuda:0,torch.float32,False,"[600, 4]",cuda:0,torch.float32,False,"[600, 3]",1,600,deterministic_uniform,cuda:0,torch.float32,False,"[600, 3]"
0.323472,600,27,923,78.092,1346.0,323,extend,cuda:0,torch.float32,False,"[600, 3, 1]",600,26337,25737,False,27,fixed_budget,cuda:0,torch.float32,False,"[600, 1]",False,fixed_budget_applied,cuda:0,torch.float32,False,"[600, 4]",cuda:0,torch.float32,False,"[600, 3]",1,600,deterministic_uniform,cuda:0,torch.float32,False,"[600, 3]"
0.267258,600,28,896,78.199,1346.0,296,extend,cuda:0,torch.float32,False,"[600, 3, 1]",600,26937,26337,False,28,fixed_budget,cuda:0,torch.float32,False,"[600, 1]",False,fixed_budget_applied,cuda:0,torch.float32,False,"[600, 4]",cuda:0,torch.float32,False,"[600, 3]",1,600,deterministic_uniform,cuda:0,torch.float32,False,"[600, 3]"
0.296853,600,29,830,78.308,1346.0,230,extend,cuda:0,torch.float32,False,"[600, 3, 1]",600,27537,26937,False,29,fixed_budget,cuda:0,torch.float32,False,"[600, 1]",False,fixed_budget_applied,cuda:0,torch.float32,False,"[600, 4]",cuda:0,torch.float32,False,"[600, 3]",1,600,deterministic_uniform,cuda:0,torch.float32,False,"[600, 3]"
0.275473,600,30,932,78.42,1346.0,332,extend,cuda:0,torch.float32,False,"[600, 3, 1]",600,28137,27537,False,30,fixed_budget,cuda:0,torch.float32,False,"[600, 1]",False,fixed_budget_applied,cuda:0,torch.float32,False,"[600, 4]",cuda:0,torch.float32,False,"[600, 3]",1,600,deterministic_uniform,cuda:0,torch.float32,False,"[600, 3]"
0.273399,600,31,953,78.533,1346.0,353,extend,cuda:0,torch.float32,False,"[600, 3, 1]",600,28737,28137,False,31,fixed_budget,cuda:0,torch.float32,False,"[600, 1]",False,fixed_budget_applied,cuda:0,torch.float32,False,"[600, 4]",cuda:0,torch.float32,False,"[600, 3]",1,600,deterministic_uniform,cuda:0,torch.float32,False,"[600, 3]"
0.306221,600,32,1006,78.646,1346.0,406,extend,cuda:0,torch.float32,False,"[600, 3, 1]",600,29337,28737,False,32,fixed_budget,cuda:0,torch.float32,False,"[600, 1]",False,fixed_budget_applied,cuda:0,torch.float32,False,"[600, 4]",cuda:0,torch.float32,False,"[600, 3]",1,600,deterministic_uniform,cuda:0,torch.float32,False,"[600, 3]"
0.289249,600,33,1023,78.752,1346.0,423,extend,cuda:0,torch.float32,False,"[600, 3, 1]",600,29937,29337,False,33,fixed_budget,cuda:0,torch.float32,False,"[600, 1]",False,fixed_budget_applied,cuda:0,torch.float32,False,"[600, 4]",cuda:0,torch.float32,False,"[600, 3]",1,600,deterministic_uniform,cuda:0,torch.float32,False,"[600, 3]"
0.291934,600,34,948,78.861,1346.0,348,extend,cuda:0,torch.float32,False,"[600, 3, 1]",600,30537,29937,False,34,fixed_budget,cuda:0,torch.float32,False,"[600, 1]",False,fixed_budget_applied,cuda:0,torch.float32,False,"[600, 4]",cuda:0,torch.float32,False,"[600, 3]",1,600,deterministic_uniform,cuda:0,torch.float32,False,"[600, 3]"
0.261536,600,35,883,78.968,1346.0,283,extend,cuda:0,torch.float32,False,"[600, 3, 1]",600,31137,30537,False,35,fixed_budget,cuda:0,torch.float32,False,"[600, 1]",False,fixed_budget_applied,cuda:0,torch.float32,False,"[600, 4]",cuda:0,torch.float32,False,"[600, 3]",1,600,deterministic_uniform,cuda:0,torch.float32,False,"[600, 3]"
0.261567,600,36,873,79.074,1346.0,273,extend,cuda:0,torch.float32,False,"[600, 3, 1]",600,31737,31137,False,36,fixed_budget,cuda:0,torch.float32,False,"[600, 1]",False,fixed_budget_applied,cuda:0,torch.float32,False,"[600, 4]",cuda:0,torch.float32,False,"[600, 3]",1,600,deterministic_uniform,cuda:0,torch.float32,False,"[600, 3]"
0.257811,600,37,929,79.188,1346.0,329,extend,cuda:0,torch.float32,False,"[600, 3, 1]",600,32337,31737,False,37,fixed_budget,cuda:0,torch.float32,False,"[600, 1]",False,fixed_budget_applied,cuda:0,torch.float32,False,"[600, 4]",cuda:0,torch.float32,False,"[600, 3]",1,600,deterministic_uniform,cuda:0,torch.float32,False,"[600, 3]"
0.266015,600,38,941,79.301,1346.0,341,extend,cuda:0,torch.float32,False,"[600, 3, 1]",600,32937,32337,False,38,fixed_budget,cuda:0,torch.float32,False,"[600, 1]",False,fixed_budget_applied,cuda:0,torch.float32,False,"[600, 4]",cuda:0,torch.float32,False,"[600, 3]",1,600,deterministic_uniform,cuda:0,torch.float32,False,"[600, 3]"
0.259253,600,39,922,79.415,1346.0,322,extend,cuda:0,torch.float32,False,"[600, 3, 1]",600,33537,32937,False,39,fixed_budget,cuda:0,torch.float32,False,"[600, 1]",False,fixed_budget_applied,cuda:0,torch.float32,False,"[600, 4]",cuda:0,torch.float32,False,"[600, 3]",1,600,deterministic_uniform,cuda:0,torch.float32,False,"[600, 3]"
0.264021,600,40,820,79.515,1346.0,220,extend,cuda:0,torch.float32,False,"[600, 3, 1]",600,34137,33537,False,40,fixed_budget,cuda:0,torch.float32,False,"[600, 1]",False,fixed_budget_applied,cuda:0,torch.float32,False,"[600, 4]",cuda:0,torch.float32,False,"[600, 3]",1,600,deterministic_uniform,cuda:0,torch.float32,False,"[600, 3]"
0.326269,600,41,792,103.843,2030.0,192,extend,cuda:0,torch.float32,False,"[600, 3, 1]",600,37012,36412,False,41,fixed_budget,cuda:0,torch.float32,False,"[600, 1]",False,fixed_budget_applied,cuda:0,torch.float32,False,"[600, 4]",cuda:0,torch.float32,False,"[600, 3]",1,600,deterministic_uniform,cuda:0,torch.float32,False,"[600, 3]"
0.277256,600,42,780,103.95,2030.0,180,extend,cuda:0,torch.float32,False,"[600, 3, 1]",600,37612,37012,False,42,fixed_budget,cuda:0,torch.float32,False,"[600, 1]",False,fixed_budget_applied,cuda:0,torch.float32,False,"[600, 4]",cuda:0,torch.float32,False,"[600, 3]",1,600,deterministic_uniform,cuda:0,torch.float32,False,"[600, 3]"
0.296082,600,43,621,104.052,2030.0,21,extend,cuda:0,torch.float32,False,"[600, 3, 1]",600,38212,37612,False,43,fixed_budget,cuda:0,torch.float32,False,"[600, 1]",False,fixed_budget_applied,cuda:0,torch.float32,False,"[600, 4]",cuda:0,torch.float32,False,"[600, 3]",1,600,deterministic_uniform,cuda:0,torch.float32,False,"[600, 3]"
0.270595,600,44,636,104.162,2030.0,36,extend,cuda:0,torch.float32,False,"[600, 3, 1]",600,38812,38212,False,44,fixed_budget,cuda:0,torch.float32,False,"[600, 1]",False,fixed_budget_applied,cuda:0,torch.float32,False,"[600, 4]",cuda:0,torch.float32,False,"[600, 3]",1,600,deterministic_uniform,cuda:0,torch.float32,False,"[600, 3]"
0.265364,600,45,723,104.274,2030.0,123,extend,cuda:0,torch.float32,False,"[600, 3, 1]",600,39412,38812,False,45,fixed_budget,cuda:0,torch.float32,False,"[600, 1]",False,fixed_budget_applied,cuda:0,torch.float32,False,"[600, 4]",cuda:0,torch.float32,False,"[600, 3]",1,600,deterministic_uniform,cuda:0,torch.float32,False,"[600, 3]"
0.283749,600,46,879,104.394,2030.0,279,extend,cuda:0,torch.float32,False,"[600, 3, 1]",600,40012,39412,False,46,fixed_budget,cuda:0,torch.float32,False,"[600, 1]",False,fixed_budget_applied,cuda:0,torch.float32,False,"[600, 4]",cuda:0,torch.float32,False,"[600, 3]",1,600,deterministic_uniform,cuda:0,torch.float32,False,"[600, 3]"
0.275193,600,47,840,104.503,2030.0,240,extend,cuda:0,torch.float32,False,"[600, 3, 1]",600,40612,40012,False,47,fixed_budget,cuda:0,torch.float32,False,"[600, 1]",False,fixed_budget_applied,cuda:0,torch.float32,False,"[600, 4]",cuda:0,torch.float32,False,"[600, 3]",1,600,deterministic_uniform,cuda:0,torch.float32,False,"[600, 3]"
0.270885,600,48,841,104.609,2030.0,241,extend,cuda:0,torch.float32,False,"[600, 3, 1]",600,41212,40612,False,48,fixed_budget,cuda:0,torch.float32,False,"[600, 1]",False,fixed_budget_applied,cuda:0,torch.float32,False,"[600, 4]",cuda:0,torch.float32,False,"[600, 3]",1,600,deterministic_uniform,cuda:0,torch.float32,False,"[600, 3]"
0.269202,600,49,837,104.72,2030.0,237,extend,cuda:0,torch.float32,False,"[600, 3, 1]",600,41812,41212,False,49,fixed_budget,cuda:0,torch.float32,False,"[600, 1]",False,fixed_budget_applied,cuda:0,torch.float32,False,"[600, 4]",cuda:0,torch.float32,False,"[600, 3]",1,600,deterministic_uniform,cuda:0,torch.float32,False,"[600, 3]"
0.536109,600,50,946,104.842,2030.0,346,extend,cuda:0,torch.float32,False,"[600, 3, 1]",600,42412,41812,False,50,fixed_budget,cuda:0,torch.float32,False,"[600, 1]",False,fixed_budget_applied,cuda:0,torch.float32,False,"[600, 4]",cuda:0,torch.float32,False,"[600, 3]",1,600,deterministic_uniform,cuda:0,torch.float32,False,"[600, 3]"
0.255285,600,51,926,104.952,2030.0,326,extend,cuda:0,torch.float32,False,"[600, 3, 1]",600,43012,42412,False,51,fixed_budget,cuda:0,torch.float32,False,"[600, 1]",False,fixed_budget_applied,cuda:0,torch.float32,False,"[600, 4]",cuda:0,torch.float32,False,"[600, 3]",1,600,deterministic_uniform,cuda:0,torch.float32,False,"[600, 3]"
0.258141,600,52,815,105.052,2030.0,215,extend,cuda:0,torch.float32,False,"[600, 3, 1]",600,43612,43012,False,52,fixed_budget,cuda:0,torch.float32,False,"[600, 1]",False,fixed_budget_applied,cuda:0,torch.float32,False,"[600, 4]",cuda:0,torch.float32,False,"[600, 3]",1,600,deterministic_uniform,cuda:0,torch.float32,False,"[600, 3]"
0.259274,600,53,696,105.157,2030.0,96,extend,cuda:0,torch.float32,False,"[600, 3, 1]",600,44212,43612,False,53,fixed_budget,cuda:0,torch.float32,False,"[600, 1]",False,fixed_budget_applied,cuda:0,torch.float32,False,"[600, 4]",cuda:0,torch.float32,False,"[600, 3]",1,600,deterministic_uniform,cuda:0,torch.float32,False,"[600, 3]"
0.189784,598,54,598,105.225,2030.0,0,extend,cuda:0,torch.float32,False,"[598, 3, 1]",600,44810,44212,False,54,fixed_budget,cuda:0,torch.float32,False,"[598, 1]",False,within_budget,cuda:0,torch.float32,False,"[598, 4]",cuda:0,torch.float32,False,"[598, 3]",1,0,deterministic_uniform,cuda:0,torch.float32,False,"[598, 3]"
0.262679,600,55,663,105.373,2030.0,63,extend,cuda:0,torch.float32,False,"[600, 3, 1]",600,45410,44810,False,55,fixed_budget,cuda:0,torch.float32,False,"[600, 1]",False,fixed_budget_applied,cuda:0,torch.float32,False,"[600, 4]",cuda:0,torch.float32,False,"[600, 3]",1,600,deterministic_uniform,cuda:0,torch.float32,False,"[600, 3]"
0.330707,600,56,774,118.069,2438.0,174,extend,cuda:0,torch.float32,False,"[600, 3, 1]",600,45338,44738,False,56,fixed_budget,cuda:0,torch.float32,False,"[600, 1]",False,fixed_budget_applied,cuda:0,torch.float32,False,"[600, 4]",cuda:0,torch.float32,False,"[600, 3]",1,600,deterministic_uniform,cuda:0,torch.float32,False,"[600, 3]"
0.342899,600,57,724,118.171,2438.0,124,extend,cuda:0,torch.float32,False,"[600, 3, 1]",600,45938,45338,False,57,fixed_budget,cuda:0,torch.float32,False,"[600, 1]",False,fixed_budget_applied,cuda:0,torch.float32,False,"[600, 4]",cuda:0,torch.float32,False,"[600, 3]",1,600,deterministic_uniform,cuda:0,torch.float32,False,"[600, 3]"
0.271316,600,58,802,118.288,2438.0,202,extend,cuda:0,torch.float32,False,"[600, 3, 1]",600,46538,45938,False,58,fixed_budget,cuda:0,torch.float32,False,"[600, 1]",False,fixed_budget_applied,cuda:0,torch.float32,False,"[600, 4]",cuda:0,torch.float32,False,"[600, 3]",1,600,deterministic_uniform,cuda:0,torch.float32,False,"[600, 3]"
0.273931,600,59,896,118.403,2438.0,296,extend,cuda:0,torch.float32,False,"[600, 3, 1]",600,47138,46538,False,59,fixed_budget,cuda:0,torch.float32,False,"[600, 1]",False,fixed_budget_applied,cuda:0,torch.float32,False,"[600, 4]",cuda:0,torch.float32,False,"[600, 3]",1,600,deterministic_uniform,cuda:0,torch.float32,False,"[600, 3]"
0.324966,600,60,893,118.508,2438.0,293,extend,cuda:0,torch.float32,False,"[600, 3, 1]",600,47738,47138,False,60,fixed_budget,cuda:0,torch.float32,False,"[600, 1]",False,fixed_budget_applied,cuda:0,torch.float32,False,"[600, 4]",cuda:0,torch.float32,False,"[600, 3]",1,600,deterministic_uniform,cuda:0,torch.float32,False,"[600, 3]"
0.24639,600,61,949,118.624,2438.0,349,extend,cuda:0,torch.float32,False,"[600, 3, 1]",600,48338,47738,False,61,fixed_budget,cuda:0,torch.float32,False,"[600, 1]",False,fixed_budget_applied,cuda:0,torch.float32,False,"[600, 4]",cuda:0,torch.float32,False,"[600, 3]",1,600,deterministic_uniform,cuda:0,torch.float32,False,"[600, 3]"
0.252982,600,62,978,118.736,2438.0,378,extend,cuda:0,torch.float32,False,"[600, 3, 1]",600,48938,48338,False,62,fixed_budget,cuda:0,torch.float32,False,"[600, 1]",False,fixed_budget_applied,cuda:0,torch.float32,False,"[600, 4]",cuda:0,torch.float32,False,"[600, 3]",1,600,deterministic_uniform,cuda:0,torch.float32,False,"[600, 3]"
0.256128,600,63,928,118.849,2438.0,328,extend,cuda:0,torch.float32,False,"[600, 3, 1]",600,49538,48938,False,63,fixed_budget,cuda:0,torch.float32,False,"[600, 1]",False,fixed_budget_applied,cuda:0,torch.float32,False,"[600, 4]",cuda:0,torch.float32,False,"[600, 3]",1,600,deterministic_uniform,cuda:0,torch.float32,False,"[600, 3]"
0.351465,600,64,906,127.396,2438.0,306,extend,cuda:0,torch.float32,False,"[600, 3, 1]",600,52875,52275,False,64,fixed_budget,cuda:0,torch.float32,False,"[600, 1]",False,fixed_budget_applied,cuda:0,torch.float32,False,"[600, 4]",cuda:0,torch.float32,False,"[600, 3]",1,600,deterministic_uniform,cuda:0,torch.float32,False,"[600, 3]"
0.284631,600,65,946,127.505,2438.0,346,extend,cuda:0,torch.float32,False,"[600, 3, 1]",600,53475,52875,False,65,fixed_budget,cuda:0,torch.float32,False,"[600, 1]",False,fixed_budget_applied,cuda:0,torch.float32,False,"[600, 4]",cuda:0,torch.float32,False,"[600, 3]",1,600,deterministic_uniform,cuda:0,torch.float32,False,"[600, 3]"
0.287876,600,66,834,127.608,2438.0,234,extend,cuda:0,torch.float32,False,"[600, 3, 1]",600,54075,53475,False,66,fixed_budget,cuda:0,torch.float32,False,"[600, 1]",False,fixed_budget_applied,cuda:0,torch.float32,False,"[600, 4]",cuda:0,torch.float32,False,"[600, 3]",1,600,deterministic_uniform,cuda:0,torch.float32,False,"[600, 3]"
0.270884,600,67,654,127.71,2438.0,54,extend,cuda:0,torch.float32,False,"[600, 3, 1]",600,54675,54075,False,67,fixed_budget,cuda:0,torch.float32,False,"[600, 1]",False,fixed_budget_applied,cuda:0,torch.float32,False,"[600, 4]",cuda:0,torch.float32,False,"[600, 3]",1,600,deterministic_uniform,cuda:0,torch.float32,False,"[600, 3]"
0.27359,600,68,745,127.822,2438.0,145,extend,cuda:0,torch.float32,False,"[600, 3, 1]",600,55275,54675,False,68,fixed_budget,cuda:0,torch.float32,False,"[600, 1]",False,fixed_budget_applied,cuda:0,torch.float32,False,"[600, 4]",cuda:0,torch.float32,False,"[600, 3]",1,600,deterministic_uniform,cuda:0,torch.float32,False,"[600, 3]"
